Type,Name,Request Count,Failure Count,Median Response Time,Average Response Time,Min Response Time,Max Response Time,Average Content Size,Requests/s,Failures/s,50%,66%,75%,80%,90%,95%,98%,99%,99.9%,99.99%,100%
GET,perf_check,6540,0,42,58.167535225076165,27.169942000000447,600.3488460000881,119.82125382262997,110.46877618553061,0.0,42,47,53,61,110,160,210,260,390,600,600
,Aggregated,6540,0,42,58.167535225076165,27.169942000000447,600.3488460000881,119.82125382262997,110.46877618553061,0.0,42,47,53,61,110,160,210,260,390,600,600
