Type,Name,Request Count,Failure Count,Median Response Time,Average Response Time,Min Response Time,Max Response Time,Average Content Size,Requests/s,Failures/s,50%,66%,75%,80%,90%,95%,98%,99%,99.9%,99.99%,100%
GET,perf_check,8199,0,42,52.92190262007401,26.60843500007104,388.90949799997543,119.82022197829004,138.5960076266639,0.0,42,47,50,53,73,130,190,250,320,390,390
,Aggregated,8199,0,42,52.92190262007401,26.60843500007104,388.90949799997543,119.82022197829004,138.5960076266639,0.0,42,47,50,53,73,130,190,250,320,390,390
