Type,Name,Request Count,Failure Count,Median Response Time,Average Response Time,Min Response Time,Max Response Time,Average Content Size,Requests/s,Failures/s,50%,66%,75%,80%,90%,95%,98%,99%,99.9%,99.99%,100%
GET,perf_check,9806,0,45,58.2978406731599,27.76063500004966,468.4433610000269,119.82480114215787,165.7150558333253,0.0,45,51,56,60,91,160,240,270,390,470,470
,Aggregated,9806,0,45,58.2978406731599,27.76063500004966,468.4433610000269,119.82480114215787,165.7150558333253,0.0,45,51,56,60,91,160,240,270,390,470,470
