Type,Name,Request Count,Failure Count,Median Response Time,Average Response Time,Min Response Time,Max Response Time,Average Content Size,Requests/s,Failures/s,50%,66%,75%,80%,90%,95%,98%,99%,99.9%,99.99%,100%
GET,perf_check,11451,0,42,54.159237235524444,27.04249999987951,520.2834120000261,119.82656536547026,193.60661169521677,0.0,42,46,50,52,68,160,190,290,430,500,520
,Aggregated,11451,0,42,54.159237235524444,27.04249999987951,520.2834120000261,119.82656536547026,193.60661169521677,0.0,42,46,50,52,68,160,190,290,430,500,520
