Type,Name,Request Count,Failure Count,Median Response Time,Average Response Time,Min Response Time,Max Response Time,Average Content Size,Requests/s,Failures/s,50%,66%,75%,80%,90%,95%,98%,99%,99.9%,99.99%,100%
GET,perf_check,12976,0,47,64.71948004592991,24.777044000074966,590.9608580000167,119.82074599260173,219.30351613254592,0.0,47,53,60,65,110,160,280,350,540,580,590
,Aggregated,12976,0,47,64.71948004592991,24.777044000074966,590.9608580000167,119.82074599260173,219.30351613254592,0.0,47,53,60,65,110,160,280,350,540,580,590
