Type,Name,Request Count,Failure Count,Median Response Time,Average Response Time,Min Response Time,Max Response Time,Average Content Size,Requests/s,Failures/s,50%,66%,75%,80%,90%,95%,98%,99%,99.9%,99.99%,100%
GET,perf_check,14214,0,75,92.80173686098135,29.851617000076658,1156.8691590000526,119.82320247643169,240.318851302258,0.0,75,84,93,99,160,190,290,400,540,660,1200
,Aggregated,14214,0,75,92.80173686098135,29.851617000076658,1156.8691590000526,119.82320247643169,240.318851302258,0.0,75,84,93,99,160,190,290,400,540,660,1200
