Type,Name,Request Count,Failure Count,Median Response Time,Average Response Time,Min Response Time,Max Response Time,Average Content Size,Requests/s,Failures/s,50%,66%,75%,80%,90%,95%,98%,99%,99.9%,99.99%,100%
GET,perf_check,14415,0,190.0,196.6257332358674,38.801995999619976,1346.1038129998997,119.82330905306972,243.64582852862603,0.0,190,200,200,210,220,250,380,440,650,690,1300
,Aggregated,14415,0,190.0,196.6257332358674,38.801995999619976,1346.1038129998997,119.82330905306972,243.64582852862603,0.0,190,200,200,210,220,250,380,440,650,690,1300
