Type,Name,Request Count,Failure Count,Median Response Time,Average Response Time,Min Response Time,Max Response Time,Average Content Size,Requests/s,Failures/s,50%,66%,75%,80%,90%,95%,98%,99%,99.9%,99.99%,100%
GET,perf_check,1650,0,42,46.84483835029534,29.329450999739493,297.62069699972926,118.81212121212121,28.100063830730186,0.0,42,46,49,51,56,71,120,160,290,300,300
,Aggregated,1650,0,42,46.84483835029534,29.329450999739493,297.62069699972926,118.81212121212121,28.100063830730186,0.0,42,46,49,51,56,71,120,160,290,300,300
