Type,Name,Request Count,Failure Count,Median Response Time,Average Response Time,Min Response Time,Max Response Time,Average Content Size,Requests/s,Failures/s,50%,66%,75%,80%,90%,95%,98%,99%,99.9%,99.99%,100%
GET,perf_check,3123,0,49,107.96835008261556,28.478240999902482,1771.4930050001385,118.81652257444765,52.98504735094592,0.0,49,74,120,150,280,360,580,640,980,1800,1800
,Aggregated,3123,0,49,107.96835008261556,28.478240999902482,1771.4930050001385,118.81652257444765,52.98504735094592,0.0,49,74,120,150,280,360,580,640,980,1800,1800
