Type,Name,Request Count,Failure Count,Median Response Time,Average Response Time,Min Response Time,Max Response Time,Average Content Size,Requests/s,Failures/s,50%,66%,75%,80%,90%,95%,98%,99%,99.9%,99.99%,100%
GET,perf_check,4950,0,42,49.01571443838397,27.054977999796392,868.9239870000165,118.81515151515151,83.74969962045967,0.0,42,46,49,51,58,73,150,190,420,870,870
,Aggregated,4950,0,42,49.01571443838397,27.054977999796392,868.9239870000165,118.81515151515151,83.74969962045967,0.0,42,46,49,51,58,73,150,190,420,870,870
