Type,Name,Request Count,Failure Count,Median Response Time,Average Response Time,Min Response Time,Max Response Time,Average Content Size,Requests/s,Failures/s,50%,66%,75%,80%,90%,95%,98%,99%,99.9%,99.99%,100%
GET,perf_check,59,59,4,3.6416196780919563,3.0981939999037422,5.133171998750186,0.0,1.0123875672323823,1.0123875672323823,4,4,4,4,4,4,5,5,5,5,5
,Aggregated,59,59,4,3.6416196780919563,3.0981939999037422,5.133171998750186,0.0,1.0123875672323823,1.0123875672323823,4,4,4,4,4,4,5,5,5,5,5
