Type,Name,Request Count,Failure Count,Median Response Time,Average Response Time,Min Response Time,Max Response Time,Average Content Size,Requests/s,Failures/s,50%,66%,75%,80%,90%,95%,98%,99%,99.9%,99.99%,100%
GET,perf_check,59,59,3,3.4528751186710798,1.4628180015279213,5.545083000470186,0.0,1.0126073253703356,1.0126073253703356,3,4,4,4,4,4,5,6,6,6,6
,Aggregated,59,59,3,3.4528751186710798,1.4628180015279213,5.545083000470186,0.0,1.0126073253703356,1.0126073253703356,3,4,4,4,4,4,5,6,6,6,6
