Type,Name,Request Count,Failure Count,Median Response Time,Average Response Time,Min Response Time,Max Response Time,Average Content Size,Requests/s,Failures/s,50%,66%,75%,80%,90%,95%,98%,99%,99.9%,99.99%,100%
GET,perf_check,57,0,39,44.45329238603192,36.61368999928527,269.82673699967563,118.82456140350877,0.9728012587516287,0.0,39,40,41,41,46,58,61,270,270,270,270
,Aggregated,57,0,39,44.45329238603192,36.61368999928527,269.82673699967563,118.82456140350877,0.9728012587516287,0.0,39,40,41,41,46,58,61,270,270,270,270
