Type,Name,Request Count,Failure Count,Median Response Time,Average Response Time,Min Response Time,Max Response Time,Average Content Size,Requests/s,Failures/s,50%,66%,75%,80%,90%,95%,98%,99%,99.9%,99.99%,100%
GET,perf_check,57,0,39,40.87200857889241,36.72762899986992,127.59305899999163,118.80701754385964,0.9761657779755989,0.0,39,39,39,40,41,44,66,130,130,130,130
,Aggregated,57,0,39,40.87200857889241,36.72762899986992,127.59305899999163,118.80701754385964,0.9761657779755989,0.0,39,39,39,40,41,44,66,130,130,130,130
