Type,Name,Request Count,Failure Count,Median Response Time,Average Response Time,Min Response Time,Max Response Time,Average Content Size,Requests/s,Failures/s,50%,66%,75%,80%,90%,95%,98%,99%,99.9%,99.99%,100%
GET,perf_check,57,0,38,39.114020789400044,35.92003999983717,61.45489899972745,118.84210526315789,0.9778641153790952,0.0,38,39,39,40,42,43,47,61,61,61,61
,Aggregated,57,0,38,39.114020789400044,35.92003999983717,61.45489899972745,118.84210526315789,0.9778641153790952,0.0,38,39,39,40,42,43,47,61,61,61,61
