Type,Name,Request Count,Failure Count,Median Response Time,Average Response Time,Min Response Time,Max Response Time,Average Content Size,Requests/s,Failures/s,50%,66%,75%,80%,90%,95%,98%,99%,99.9%,99.99%,100%
GET,perf_check,57,0,39,40.74688319288773,35.80784299992956,64.53043299916317,118.80701754385964,0.9762875704455904,0.0,39,40,41,42,45,58,61,65,65,65,65
,Aggregated,57,0,39,40.74688319288773,35.80784299992956,64.53043299916317,118.80701754385964,0.9762875704455904,0.0,39,40,41,42,45,58,61,65,65,65,65
