Type,Name,Request Count,Failure Count,Median Response Time,Average Response Time,Min Response Time,Max Response Time,Average Content Size,Requests/s,Failures/s,50%,66%,75%,80%,90%,95%,98%,99%,99.9%,99.99%,100%
GET,perf_check,57,0,39,39.64365291208276,36.05846000027668,60.057815000618575,118.85964912280701,0.9773472176909812,0.0,39,40,40,41,42,42,46,60,60,60,60
,Aggregated,57,0,39,39.64365291208276,36.05846000027668,60.057815000618575,118.85964912280701,0.9773472176909812,0.0,39,40,40,41,42,42,46,60,60,60,60
