Type,Name,Request Count,Failure Count,Median Response Time,Average Response Time,Min Response Time,Max Response Time,Average Content Size,Requests/s,Failures/s,50%,66%,75%,80%,90%,95%,98%,99%,99.9%,99.99%,100%
GET,perf_check,55,0,39,91.45985434562053,36.12216400142643,2835.3576670015173,118.7090909090909,0.9307142781927547,0.0,39,40,41,41,43,48,91,2800,2800,2800,2800
,Aggregated,55,0,39,91.45985434562053,36.12216400142643,2835.3576670015173,118.7090909090909,0.9307142781927547,0.0,39,40,41,41,43,48,91,2800,2800,2800,2800
