Type,Name,Request Count,Failure Count,Median Response Time,Average Response Time,Min Response Time,Max Response Time,Average Content Size,Requests/s,Failures/s,50%,66%,75%,80%,90%,95%,98%,99%,99.9%,99.99%,100%
GET,perf_check,57,0,40,42.878770245838574,35.68447200086666,89.34485599820619,118.78947368421052,0.9742425854474775,0.0,40,42,44,45,51,55,70,89,89,89,89
,Aggregated,57,0,40,42.878770245838574,35.68447200086666,89.34485599820619,118.78947368421052,0.9742425854474775,0.0,40,42,44,45,51,55,70,89,89,89,89
