Type,Name,Request Count,Failure Count,Median Response Time,Average Response Time,Min Response Time,Max Response Time,Average Content Size,Requests/s,Failures/s,50%,66%,75%,80%,90%,95%,98%,99%,99.9%,99.99%,100%
GET,perf_check,57,0,41,43.85832219326914,36.595704001229024,92.643963998853,118.78947368421052,0.9732893654256899,0.0,41,43,45,46,52,68,68,93,93,93,93
,Aggregated,57,0,41,43.85832219326914,36.595704001229024,92.643963998853,118.78947368421052,0.9732893654256899,0.0,41,43,45,46,52,68,68,93,93,93,93
