Type,Name,Request Count,Failure Count,Median Response Time,Average Response Time,Min Response Time,Max Response Time,Average Content Size,Requests/s,Failures/s,50%,66%,75%,80%,90%,95%,98%,99%,99.9%,99.99%,100%
GET,perf_check,57,0,41,44.538777473989235,37.07560499969986,109.95870599799673,118.7719298245614,0.9726149198024924,0.0,41,44,46,47,53,64,67,110,110,110,110
,Aggregated,57,0,41,44.538777473989235,37.07560499969986,109.95870599799673,118.7719298245614,0.9726149198024924,0.0,41,44,46,47,53,64,67,110,110,110,110
