Type,Name,Request Count,Failure Count,Median Response Time,Average Response Time,Min Response Time,Max Response Time,Average Content Size,Requests/s,Failures/s,50%,66%,75%,80%,90%,95%,98%,99%,99.9%,99.99%,100%
GET,perf_check,57,0,41,43.16028361388721,36.38862899970263,70.85468500008574,118.80701754385964,0.9739907329986113,0.0,41,43,44,46,52,55,69,71,71,71,71
,Aggregated,57,0,41,43.16028361388721,36.38862899970263,70.85468500008574,118.80701754385964,0.9739907329986113,0.0,41,43,44,46,52,55,69,71,71,71,71
