Type,Name,Request Count,Failure Count,Median Response Time,Average Response Time,Min Response Time,Max Response Time,Average Content Size,Requests/s,Failures/s,50%,66%,75%,80%,90%,95%,98%,99%,99.9%,99.99%,100%
GET,perf_check,54,0,40,97.35339814795697,36.70201499699033,2797.205646002112,118.81481481481481,0.925941098665124,0.0,40,41,43,46,61,110,190,2800,2800,2800,2800
,Aggregated,54,0,40,97.35339814795697,36.70201499699033,2797.205646002112,118.81481481481481,0.925941098665124,0.0,40,41,43,46,61,110,190,2800,2800,2800,2800
