Type,Name,Request Count,Failure Count,Median Response Time,Average Response Time,Min Response Time,Max Response Time,Average Content Size,Requests/s,Failures/s,50%,66%,75%,80%,90%,95%,98%,99%,99.9%,99.99%,100%
GET,perf_check,57,0,43,51.659809438621,36.95757700188551,274.26577799997176,118.84210526315789,0.9659710219515346,0.0,43,46,49,53,74,97,100,270,270,270,270
,Aggregated,57,0,43,51.659809438621,36.95757700188551,274.26577799997176,118.84210526315789,0.9659710219515346,0.0,43,46,49,53,74,97,100,270,270,270,270
