Type,Name,Request Count,Failure Count,Median Response Time,Average Response Time,Min Response Time,Max Response Time,Average Content Size,Requests/s,Failures/s,50%,66%,75%,80%,90%,95%,98%,99%,99.9%,99.99%,100%
GET,perf_check,56,0,41,59.25933103578375,36.13552500246442,371.82162599856383,118.875,0.9591695849107993,0.0,41,47,55,69,91,140,170,370,370,370,370
,Aggregated,56,0,41,59.25933103578375,36.13552500246442,371.82162599856383,118.875,0.9591695849107993,0.0,41,47,55,69,91,140,170,370,370,370,370
