Type,Name,Request Count,Failure Count,Median Response Time,Average Response Time,Min Response Time,Max Response Time,Average Content Size,Requests/s,Failures/s,50%,66%,75%,80%,90%,95%,98%,99%,99.9%,99.99%,100%
GET,perf_check,56,0,44,55.81258105322767,36.061954000615515,128.1140819992288,118.875,0.9622986053880253,0.0,45,56,71,75,89,110,110,130,130,130,130
,Aggregated,56,0,44,55.81258105322767,36.061954000615515,128.1140819992288,118.875,0.9622986053880253,0.0,45,56,71,75,89,110,110,130,130,130,130
