Type,Name,Request Count,Failure Count,Median Response Time,Average Response Time,Min Response Time,Max Response Time,Average Content Size,Requests/s,Failures/s,50%,66%,75%,80%,90%,95%,98%,99%,99.9%,99.99%,100%
GET,perf_check,52,0,39,98.8475280961351,36.585628000466386,2763.2411169979605,117.82692307692308,0.9252910049857296,0.0,39,40,47,70,75,80,91,2800,2800,2800,2800
,Aggregated,52,0,39,98.8475280961351,36.585628000466386,2763.2411169979605,117.82692307692308,0.9252910049857296,0.0,39,40,47,70,75,80,91,2800,2800,2800,2800
