Type,Name,Request Count,Failure Count,Median Response Time,Average Response Time,Min Response Time,Max Response Time,Average Content Size,Requests/s,Failures/s,50%,66%,75%,80%,90%,95%,98%,99%,99.9%,99.99%,100%
GET,perf_check,57,0,37,39.66363905221857,34.560206997412024,139.08502599952044,119.82456140350877,0.977372920937076,0.0,37,38,39,39,40,44,62,140,140,140,140
,Aggregated,57,0,37,39.66363905221857,34.560206997412024,139.08502599952044,119.82456140350877,0.977372920937076,0.0,37,38,39,39,40,44,62,140,140,140,140
