Type,Name,Request Count,Failure Count,Median Response Time,Average Response Time,Min Response Time,Max Response Time,Average Content Size,Requests/s,Failures/s,50%,66%,75%,80%,90%,95%,98%,99%,99.9%,99.99%,100%
GET,perf_check,14,0,38,40.18137264262935,35.00793499915744,67.64502299847663,118.85714285714286,1.0311183198548097,0.0,38,38,39,40,42,68,68,68,68,68,68
,Aggregated,14,0,38,40.18137264262935,35.00793499915744,67.64502299847663,118.85714285714286,1.0311183198548097,0.0,38,38,39,40,42,68,68,68,68,68,68
