Type,Name,Request Count,Failure Count,Median Response Time,Average Response Time,Min Response Time,Max Response Time,Average Content Size,Requests/s,Failures/s,50%,66%,75%,80%,90%,95%,98%,99%,99.9%,99.99%,100%
GET,perf_check,36,0,54,234.65973963886375,40.028900999914185,1353.7163189998864,118.83333333333333,10.310424078527912,0.0,55,82,86,350,1400,1400,1400,1400,1400,1400,1400
,Aggregated,36,0,54,234.65973963886375,40.028900999914185,1353.7163189998864,118.83333333333333,10.310424078527912,0.0,55,82,86,350,1400,1400,1400,1400,1400,1400,1400
