Type,Name,Request Count,Failure Count,Median Response Time,Average Response Time,Min Response Time,Max Response Time,Average Content Size,Requests/s,Failures/s,50%,66%,75%,80%,90%,95%,98%,99%,99.9%,99.99%,100%
GET,perf_check,60,0,44,59.272508916653045,30.863810000028025,101.23782099981327,118.7,18.629213143791645,0.0,45,82,86,87,92,95,95,100,100,100,100
,Aggregated,60,0,44,59.272508916653045,30.863810000028025,101.23782099981327,118.7,18.629213143791645,0.0,45,82,86,87,92,95,95,100,100,100,100
