Type,Name,Request Count,Failure Count,Median Response Time,Average Response Time,Min Response Time,Max Response Time,Average Content Size,Requests/s,Failures/s,50%,66%,75%,80%,90%,95%,98%,99%,99.9%,99.99%,100%
GET,perf_check,40,0,50,87.46266887492311,32.164399000066624,346.2598870000875,118.775,11.458455387043841,0.0,51,81,86,100,350,350,350,350,350,350,350
,Aggregated,40,0,50,87.46266887492311,32.164399000066624,346.2598870000875,118.775,11.458455387043841,0.0,51,81,86,100,350,350,350,350,350,350,350
