Type,Name,Request Count,Failure Count,Median Response Time,Average Response Time,Min Response Time,Max Response Time,Average Content Size,Requests/s,Failures/s,50%,66%,75%,80%,90%,95%,98%,99%,99.9%,99.99%,100%
GET,perf_check,60,0,42,57.367575416628824,30.970666999564855,92.51471200059314,118.8,18.697676823782935,0.0,42,81,84,85,89,91,91,93,93,93,93
,Aggregated,60,0,42,57.367575416628824,30.970666999564855,92.51471200059314,118.8,18.697676823782935,0.0,42,81,84,85,89,91,91,93,93,93,93
