Numusers,Averagetime
20,13.499999999999991
30,0.013305555555555536
