Numusers,Averagetime
20,12.691666666666666
30,12.605555555555556
