Type,Name,Request Count,Failure Count,Median Response Time,Average Response Time,Min Response Time,Max Response Time,Average Content Size,Requests/s,Failures/s,50%,66%,75%,80%,90%,95%,98%,99%,99.9%,99.99%,100%
GET,perf_check,28,0,37,38.23362382107526,33.95334300148534,64.33566100167809,118.71428571428571,0.9964584135358375,0.0,37,38,38,38,39,40,64,64,64,64,64
,Aggregated,28,0,37,38.23362382107526,33.95334300148534,64.33566100167809,118.71428571428571,0.9964584135358375,0.0,37,38,38,38,39,40,64,64,64,64,64
