Type,Name,Request Count,Failure Count,Median Response Time,Average Response Time,Min Response Time,Max Response Time,Average Content Size,Requests/s,Failures/s,50%,66%,75%,80%,90%,95%,98%,99%,99.9%,99.99%,100%
GET,perf_check,28,0,37,40.250212964565435,34.50173899909714,83.21306000289042,118.89285714285714,0.994511563238169,0.0,37,38,38,39,49,61,83,83,83,83,83
,Aggregated,28,0,37,40.250212964565435,34.50173899909714,83.21306000289042,118.89285714285714,0.994511563238169,0.0,37,38,38,39,49,61,83,83,83,83,83
