Type,Name,Request Count,Failure Count,Median Response Time,Average Response Time,Min Response Time,Max Response Time,Average Content Size,Requests/s,Failures/s,50%,66%,75%,80%,90%,95%,98%,99%,99.9%,99.99%,100%
GET,perf_check,40,0,81,133.610471174984,35.77453500020056,371.00162800015823,118.825,11.715870781691383,0.0,82,170,200,210,330,370,370,370,370,370,370
,Aggregated,40,0,81,133.610471174984,35.77453500020056,371.00162800015823,118.825,11.715870781691383,0.0,82,170,200,210,330,370,370,370,370,370,370
