Type,Name,Request Count,Failure Count,Median Response Time,Average Response Time,Min Response Time,Max Response Time,Average Content Size,Requests/s,Failures/s,50%,66%,75%,80%,90%,95%,98%,99%,99.9%,99.99%,100%
GET,perf_check,60,0,47,108.24746791668076,34.645023999928526,232.00939300022583,118.93333333333334,18.119500112572663,0.0,47,170,210,210,230,230,230,230,230,230,230
,Aggregated,60,0,47,108.24746791668076,34.645023999928526,232.00939300022583,118.93333333333334,18.119500112572663,0.0,47,170,210,210,230,230,230,230,230,230,230
