Numusers,Averagetime
20,0.023949999999999992
30,0.013933333333333308
