Type,Name,Request Count,Failure Count,Median Response Time,Average Response Time,Min Response Time,Max Response Time,Average Content Size,Requests/s,Failures/s,50%,66%,75%,80%,90%,95%,98%,99%,99.9%,99.99%,100%
GET,perf_check,40,0,48,73.09678209996946,30.470065999907092,188.01078999968013,118.825,11.88775249191775,0.0,74,82,90,93,180,190,190,190,190,190,190
,Aggregated,40,0,48,73.09678209996946,30.470065999907092,188.01078999968013,118.825,11.88775249191775,0.0,74,82,90,93,180,190,190,190,190,190,190
