Type,Name,Request Count,Failure Count,Median Response Time,Average Response Time,Min Response Time,Max Response Time,Average Content Size,Requests/s,Failures/s,50%,66%,75%,80%,90%,95%,98%,99%,99.9%,99.99%,100%
GET,perf_check,60,0,45,57.392541900056436,29.807939999955124,95.38439700008894,118.88333333333334,18.754531234047246,0.0,45,81,83,84,86,90,94,95,95,95,95
,Aggregated,60,0,45,57.392541900056436,29.807939999955124,95.38439700008894,118.88333333333334,18.754531234047246,0.0,45,81,83,84,86,90,94,95,95,95,95
