Numusers,Averagetime
20,13.616666666666653
30,13.84999999999998
