Type,Name,Request Count,Failure Count,Median Response Time,Average Response Time,Min Response Time,Max Response Time,Average Content Size,Requests/s,Failures/s,50%,66%,75%,80%,90%,95%,98%,99%,99.9%,99.99%,100%
GET,perf_check,38,0,42,71.302073631578,29.800481999700423,174.84236300015255,118.76315789473684,11.904565722710467,0.0,45,79,90,130,160,170,170,170,170,170,170
,Aggregated,38,0,42,71.302073631578,29.800481999700423,174.84236300015255,118.76315789473684,11.904565722710467,0.0,45,79,90,130,160,170,170,170,170,170,170
