Type,Name,Request Count,Failure Count,Median Response Time,Average Response Time,Min Response Time,Max Response Time,Average Content Size,Requests/s,Failures/s,50%,66%,75%,80%,90%,95%,98%,99%,99.9%,99.99%,100%
GET,perf_check,60,0,94,138.53401510001126,34.64346500004467,408.22517700007666,118.86666666666666,17.555730731184624,0.0,95,110,250,250,400,410,410,410,410,410,410
,Aggregated,60,0,94,138.53401510001126,34.64346500004467,408.22517700007666,118.86666666666666,17.555730731184624,0.0,95,110,250,250,400,410,410,410,410,410,410
