Type,Name,Request Count,Failure Count,Median Response Time,Average Response Time,Min Response Time,Max Response Time,Average Content Size,Requests/s,Failures/s,50%,66%,75%,80%,90%,95%,98%,99%,99.9%,99.99%,100%
GET,perf_check,302,0,42,144.91622433774248,30.99481100025514,3161.016193999785,118.80794701986756,15.953726679047554,0.0,42,45,48,52,98,190,3000,3100,3200,3200,3200
,Aggregated,302,0,42,144.91622433774248,30.99481100025514,3161.016193999785,118.80794701986756,15.953726679047554,0.0,42,45,48,52,98,190,3000,3100,3200,3200,3200
