Type,Name,Request Count,Failure Count,Median Response Time,Average Response Time,Min Response Time,Max Response Time,Average Content Size,Requests/s,Failures/s,50%,66%,75%,80%,90%,95%,98%,99%,99.9%,99.99%,100%
GET,perf_check,491,0,43,83.83785556211791,31.65465799975209,3279.2244160000337,118.80244399185337,25.992313612757876,0.0,43,45,47,48,53,86,100,3000,3300,3300,3300
,Aggregated,491,0,43,83.83785556211791,31.65465799975209,3279.2244160000337,118.80244399185337,25.992313612757876,0.0,43,45,47,48,53,86,100,3000,3300,3300,3300
