Type,Name,Request Count,Failure Count,Median Response Time,Average Response Time,Min Response Time,Max Response Time,Average Content Size,Requests/s,Failures/s,50%,66%,75%,80%,90%,95%,98%,99%,99.9%,99.99%,100%
GET,perf_check,340,0,43,53.61335994411807,32.24389499996505,239.24227600002723,118.78235294117647,17.91622459153137,0.0,43,45,47,48,72,170,220,230,240,240,240
,Aggregated,340,0,43,53.61335994411807,32.24389499996505,239.24227600002723,118.78235294117647,17.91622459153137,0.0,43,45,47,48,72,170,220,230,240,240,240
