Type,Name,Request Count,Failure Count,Median Response Time,Average Response Time,Min Response Time,Max Response Time,Average Content Size,Requests/s,Failures/s,50%,66%,75%,80%,90%,95%,98%,99%,99.9%,99.99%,100%
GET,perf_check,510,0,43,46.46052299803999,29.54784199999949,103.12354299998105,118.86666666666666,26.963753098929107,0.0,43,46,48,49,55,85,93,95,100,100,100
,Aggregated,510,0,43,46.46052299803999,29.54784199999949,103.12354299998105,118.86666666666666,26.963753098929107,0.0,43,46,48,49,55,85,93,95,100,100,100
