Type,Name,Request Count,Failure Count,Median Response Time,Average Response Time,Min Response Time,Max Response Time,Average Content Size,Requests/s,Failures/s,50%,66%,75%,80%,90%,95%,98%,99%,99.9%,99.99%,100%
GET,perf_check,6360,0,74,79.25674856933973,27.436588999989908,344.73127199999,119.80283018867925,108.73322660788729,0.0,74,83,89,93,100,120,220,260,320,340,340
,Aggregated,6360,0,74,79.25674856933973,27.436588999989908,344.73127199999,119.80283018867925,108.73322660788729,0.0,74,83,89,93,100,120,220,260,320,340,340
