Type,Name,Request Count,Failure Count,Median Response Time,Average Response Time,Min Response Time,Max Response Time,Average Content Size,Requests/s,Failures/s,50%,66%,75%,80%,90%,95%,98%,99%,99.9%,99.99%,100%
GET,perf_check,7950,0,79,83.08053308704507,26.278338999986772,326.29091600006177,119.80075471698113,135.33922281977405,0.0,79,86,92,97,110,120,210,260,320,330,330
,Aggregated,7950,0,79,83.08053308704507,26.278338999986772,326.29091600006177,119.80075471698113,135.33922281977405,0.0,79,86,92,97,110,120,210,260,320,330,330
