Type,Name,Request Count,Failure Count,Median Response Time,Average Response Time,Min Response Time,Max Response Time,Average Content Size,Requests/s,Failures/s,50%,66%,75%,80%,90%,95%,98%,99%,99.9%,99.99%,100%
GET,perf_check,9570,0,70,78.44942253458716,27.406550000023344,596.1857399998962,119.79258098223616,161.62033932891757,0.0,70,80,86,91,100,120,280,340,460,600,600
,Aggregated,9570,0,70,78.44942253458716,27.406550000023344,596.1857399998962,119.79258098223616,161.62033932891757,0.0,70,80,86,91,100,120,280,340,460,600,600
