Type,Name,Request Count,Failure Count,Median Response Time,Average Response Time,Min Response Time,Max Response Time,Average Content Size,Requests/s,Failures/s,50%,66%,75%,80%,90%,95%,98%,99%,99.9%,99.99%,100%
GET,perf_check,11130,0,78,84.68993384528278,27.524638000045343,509.2655969999669,119.79451931716082,188.74878562921342,0.0,78,87,94,99,110,130,240,350,420,490,510
,Aggregated,11130,0,78,84.68993384528278,27.524638000045343,509.2655969999669,119.79451931716082,188.74878562921342,0.0,78,87,94,99,110,130,240,350,420,490,510
