Type,Name,Request Count,Failure Count,Median Response Time,Average Response Time,Min Response Time,Max Response Time,Average Content Size,Requests/s,Failures/s,50%,66%,75%,80%,90%,95%,98%,99%,99.9%,99.99%,100%
GET,perf_check,12757,0,71,79.66312612056196,27.52047000001312,555.6932550000511,119.79893391863291,215.5537496582896,0.0,71,80,85,89,100,120,300,360,490,550,560
,Aggregated,12757,0,71,79.66312612056196,27.52047000001312,555.6932550000511,119.79893391863291,215.5537496582896,0.0,71,80,85,89,100,120,300,360,490,550,560
