Type,Name,Request Count,Failure Count,Median Response Time,Average Response Time,Min Response Time,Max Response Time,Average Content Size,Requests/s,Failures/s,50%,66%,75%,80%,90%,95%,98%,99%,99.9%,99.99%,100%
GET,perf_check,14330,0,77,84.73044908283302,27.437482999971508,595.6022780000012,119.79588276343335,242.34154202509234,0.0,77,86,92,98,110,130,220,370,540,580,600
,Aggregated,14330,0,77,84.73044908283302,27.437482999971508,595.6022780000012,119.79588276343335,242.34154202509234,0.0,77,86,92,98,110,130,220,370,540,580,600
