Type,Name,Request Count,Failure Count,Median Response Time,Average Response Time,Min Response Time,Max Response Time,Average Content Size,Requests/s,Failures/s,50%,66%,75%,80%,90%,95%,98%,99%,99.9%,99.99%,100%
GET,perf_check,15905,0,73,84.64013404093079,27.913471000033496,941.4500309999312,119.79553599497014,268.6962988322601,0.0,73,84,92,98,110,140,320,430,540,740,940
,Aggregated,15905,0,73,84.64013404093079,27.913471000033496,941.4500309999312,119.79553599497014,268.6962988322601,0.0,73,84,92,98,110,140,320,430,540,740,940
