Type,Name,Request Count,Failure Count,Median Response Time,Average Response Time,Min Response Time,Max Response Time,Average Content Size,Requests/s,Failures/s,50%,66%,75%,80%,90%,95%,98%,99%,99.9%,99.99%,100%
GET,perf_check,1650,0,42,44.91142316060527,26.243905000001178,301.5674170000011,118.7939393939394,28.038920034526523,0.0,42,46,48,50,57,63,85,88,290,300,300
,Aggregated,1650,0,42,44.91142316060527,26.243905000001178,301.5674170000011,118.7939393939394,28.038920034526523,0.0,42,46,48,50,57,63,85,88,290,300,300
