Type,Name,Request Count,Failure Count,Median Response Time,Average Response Time,Min Response Time,Max Response Time,Average Content Size,Requests/s,Failures/s,50%,66%,75%,80%,90%,95%,98%,99%,99.9%,99.99%,100%
GET,perf_check,3300,0,40,43.37263069999964,26.979288999996243,278.3136439999794,118.80666666666667,56.21105836697036,0.0,40,43,46,48,57,68,100,110,250,280,280
,Aggregated,3300,0,40,43.37263069999964,26.979288999996243,278.3136439999794,118.80666666666667,56.21105836697036,0.0,40,43,46,48,57,68,100,110,250,280,280
