Type,Name,Request Count,Failure Count,Median Response Time,Average Response Time,Min Response Time,Max Response Time,Average Content Size,Requests/s,Failures/s,50%,66%,75%,80%,90%,95%,98%,99%,99.9%,99.99%,100%
GET,perf_check,4755,0,47,88.12543786435313,26.08720800003539,463.14352799998915,118.80210304942166,80.39264735020093,0.0,47,58,72,110,280,290,300,340,430,460,460
,Aggregated,4755,0,47,88.12543786435313,26.08720800003539,463.14352799998915,118.80210304942166,80.39264735020093,0.0,47,58,72,110,280,290,300,340,430,460,460
