Type,Name,Request Count,Failure Count,Median Response Time,Average Response Time,Min Response Time,Max Response Time,Average Content Size,Requests/s,Failures/s,50%,66%,75%,80%,90%,95%,98%,99%,99.9%,99.99%,100%
GET,perf_check,241,0,37,134.16554345642558,30.553300000065065,3548.481670000001,118.8298755186722,8.299155296365655,0.0,37,39,39,40,44,68,3200,3500,3500,3500,3500
,Aggregated,241,0,37,134.16554345642558,30.553300000065065,3548.481670000001,118.8298755186722,8.299155296365655,0.0,37,39,39,40,44,68,3200,3500,3500,3500,3500
