Type,Name,Request Count,Failure Count,Median Response Time,Average Response Time,Min Response Time,Max Response Time,Average Content Size,Requests/s,Failures/s,50%,66%,75%,80%,90%,95%,98%,99%,99.9%,99.99%,100%
GET,perf_check,40,0,90,116.08125417502606,42.40655400008109,208.72158900010618,118.75,11.571914345347222,0.0,130,140,190,200,200,210,210,210,210,210,210
,Aggregated,40,0,90,116.08125417502606,42.40655400008109,208.72158900010618,118.75,11.571914345347222,0.0,130,140,190,200,200,210,210,210,210,210,210
