Type,Name,Request Count,Failure Count,Median Response Time,Average Response Time,Min Response Time,Max Response Time,Average Content Size,Requests/s,Failures/s,50%,66%,75%,80%,90%,95%,98%,99%,99.9%,99.99%,100%
GET,perf_check,60,0,46,61.50383504996929,34.405891000005795,97.45299599990176,118.78333333333333,18.642284606251394,0.0,47,85,88,93,96,97,97,97,97,97,97
,Aggregated,60,0,46,61.50383504996929,34.405891000005795,97.45299599990176,118.78333333333333,18.642284606251394,0.0,47,85,88,93,96,97,97,97,97,97,97
