Type,Name,Request Count,Failure Count,Median Response Time,Average Response Time,Min Response Time,Max Response Time,Average Content Size,Requests/s,Failures/s,50%,66%,75%,80%,90%,95%,98%,99%,99.9%,99.99%,100%
GET,perf_check,9,0,38,40.191207110991755,34.914657999252086,56.96015799912857,118.33333333333333,1.075467895481875,0.0,38,39,39,44,57,57,57,57,57,57,57
,Aggregated,9,0,38,40.191207110991755,34.914657999252086,56.96015799912857,118.33333333333333,1.075467895481875,0.0,38,39,39,44,57,57,57,57,57,57,57
