Type,Name,Request Count,Failure Count,Median Response Time,Average Response Time,Min Response Time,Max Response Time,Average Content Size,Requests/s,Failures/s,50%,66%,75%,80%,90%,95%,98%,99%,99.9%,99.99%,100%
GET,perf_check,40,0,40,58.63726407492322,31.332423000094423,119.53718099994148,118.85,12.43071099609931,0.0,40,75,85,86,110,120,120,120,120,120,120
,Aggregated,40,0,40,58.63726407492322,31.332423000094423,119.53718099994148,118.85,12.43071099609931,0.0,40,75,85,86,110,120,120,120,120,120,120
