Type,Name,Request Count,Failure Count,Median Response Time,Average Response Time,Min Response Time,Max Response Time,Average Content Size,Requests/s,Failures/s,50%,66%,75%,80%,90%,95%,98%,99%,99.9%,99.99%,100%
GET,perf_check,60,0,54,69.1246922666475,31.632025000362773,186.6086100008033,118.81666666666666,18.012857172919343,0.0,56,79,85,89,100,180,180,190,190,190,190
,Aggregated,60,0,54,69.1246922666475,31.632025000362773,186.6086100008033,118.81666666666666,18.012857172919343,0.0,56,79,85,89,100,180,180,190,190,190,190
