Numusers,Averagetime
20,13.63333333333332
30,14.027777777777752
