Numusers,Averagetime
20,12.708333333333334
30,13.383333333333333
