Type,Name,Request Count,Failure Count,Median Response Time,Average Response Time,Min Response Time,Max Response Time,Average Content Size,Requests/s,Failures/s,50%,66%,75%,80%,90%,95%,98%,99%,99.9%,99.99%,100%
GET,perf_check,57,0,37,39.3408388419566,31.519097999989754,67.0500069973059,118.75438596491227,0.977690113468005,0.0,37,39,40,41,49,56,57,67,67,67,67
,Aggregated,57,0,37,39.3408388419566,31.519097999989754,67.0500069973059,118.75438596491227,0.977690113468005,0.0,37,39,40,41,49,56,57,67,67,67,67
