Type,Name,Request Count,Failure Count,Median Response Time,Average Response Time,Min Response Time,Max Response Time,Average Content Size,Requests/s,Failures/s,50%,66%,75%,80%,90%,95%,98%,99%,99.9%,99.99%,100%
GET,perf_check,57,0,37,41.422600929651885,33.593257001484744,153.67913599766325,118.82456140350877,0.9757312593248885,0.0,37,38,39,40,42,62,100,150,150,150,150
,Aggregated,57,0,37,41.422600929651885,33.593257001484744,153.67913599766325,118.82456140350877,0.9757312593248885,0.0,37,38,39,40,42,62,100,150,150,150,150
