Type,Name,Request Count,Failure Count,Median Response Time,Average Response Time,Min Response Time,Max Response Time,Average Content Size,Requests/s,Failures/s,50%,66%,75%,80%,90%,95%,98%,99%,99.9%,99.99%,100%
GET,perf_check,57,0,38,38.817665736707184,32.32262700112187,81.05576399975689,118.82456140350877,0.9781428946179483,0.0,38,39,39,40,43,44,44,81,81,81,81
,Aggregated,57,0,38,38.817665736707184,32.32262700112187,81.05576399975689,118.82456140350877,0.9781428946179483,0.0,38,39,39,40,43,44,44,81,81,81,81
