Type,Name,Request Count,Failure Count,Median Response Time,Average Response Time,Min Response Time,Max Response Time,Average Content Size,Requests/s,Failures/s,50%,66%,75%,80%,90%,95%,98%,99%,99.9%,99.99%,100%
GET,perf_check,57,0,38,47.77713377220687,33.21188100017025,339.0605880013027,118.73684210526316,0.9696885489578558,0.0,38,38,39,39,40,71,260,340,340,340,340
,Aggregated,57,0,38,47.77713377220687,33.21188100017025,339.0605880013027,118.73684210526316,0.9696885489578558,0.0,38,38,39,39,40,71,260,340,340,340,340
