Type,Name,Request Count,Failure Count,Median Response Time,Average Response Time,Min Response Time,Max Response Time,Average Content Size,Requests/s,Failures/s,50%,66%,75%,80%,90%,95%,98%,99%,99.9%,99.99%,100%
GET,perf_check,57,0,37,39.93611585961812,32.12296200217679,169.08145300112665,118.70175438596492,0.9771002190180981,0.0,37,38,38,39,44,46,60,170,170,170,170
,Aggregated,57,0,37,39.93611585961812,32.12296200217679,169.08145300112665,118.70175438596492,0.9771002190180981,0.0,37,38,38,39,44,46,60,170,170,170,170
