Type,Name,Request Count,Failure Count,Median Response Time,Average Response Time,Min Response Time,Max Response Time,Average Content Size,Requests/s,Failures/s,50%,66%,75%,80%,90%,95%,98%,99%,99.9%,99.99%,100%
GET,perf_check,57,0,37,37.841726210772,33.452256000600755,58.00104200170608,118.80701754385964,0.979125194172761,0.0,37,38,39,39,40,46,57,58,58,58,58
,Aggregated,57,0,37,37.841726210772,33.452256000600755,58.00104200170608,118.80701754385964,0.979125194172761,0.0,37,38,39,39,40,46,57,58,58,58,58
