Type,Name,Request Count,Failure Count,Median Response Time,Average Response Time,Min Response Time,Max Response Time,Average Content Size,Requests/s,Failures/s,50%,66%,75%,80%,90%,95%,98%,99%,99.9%,99.99%,100%
GET,perf_check,57,0,37,42.45562117552924,33.312980998744024,256.07225999920047,118.75438596491227,0.9747816474776801,0.0,37,39,39,39,40,61,69,260,260,260,260
,Aggregated,57,0,37,42.45562117552924,33.312980998744024,256.07225999920047,118.75438596491227,0.9747816474776801,0.0,37,39,39,39,40,61,69,260,260,260,260
