Type,Name,Request Count,Failure Count,Median Response Time,Average Response Time,Min Response Time,Max Response Time,Average Content Size,Requests/s,Failures/s,50%,66%,75%,80%,90%,95%,98%,99%,99.9%,99.99%,100%
GET,perf_check,57,0,39,48.09236940331686,33.322710001812084,347.9107800012571,118.87719298245614,0.9693569644430541,0.0,39,41,45,48,57,74,75,350,350,350,350
,Aggregated,57,0,39,48.09236940331686,33.322710001812084,347.9107800012571,118.87719298245614,0.9693569644430541,0.0,39,41,45,48,57,74,75,350,350,350,350
