Type,Name,Request Count,Failure Count,Median Response Time,Average Response Time,Min Response Time,Max Response Time,Average Content Size,Requests/s,Failures/s,50%,66%,75%,80%,90%,95%,98%,99%,99.9%,99.99%,100%
GET,perf_check,57,0,36,43.14714091225668,31.48547799719381,270.4677149995405,118.75438596491227,0.9740852090394788,0.0,36,38,38,39,47,58,110,270,270,270,270
,Aggregated,57,0,36,43.14714091225668,31.48547799719381,270.4677149995405,118.75438596491227,0.9740852090394788,0.0,36,38,38,39,47,58,110,270,270,270,270
