Type,Name,Request Count,Failure Count,Median Response Time,Average Response Time,Min Response Time,Max Response Time,Average Content Size,Requests/s,Failures/s,50%,66%,75%,80%,90%,95%,98%,99%,99.9%,99.99%,100%
GET,perf_check,52,0,38,148.66368276936834,35.18850399996154,2887.379243999021,117.82692307692308,0.8845280905825955,0.0,38,39,40,41,47,100,2800,2900,2900,2900,2900
,Aggregated,52,0,38,148.66368276936834,35.18850399996154,2887.379243999021,117.82692307692308,0.8845280905825955,0.0,38,39,40,41,47,100,2800,2900,2900,2900,2900
