Type,Name,Request Count,Failure Count,Median Response Time,Average Response Time,Min Response Time,Max Response Time,Average Content Size,Requests/s,Failures/s,50%,66%,75%,80%,90%,95%,98%,99%,99.9%,99.99%,100%
GET,perf_check,16,0,1400.0,2613.011185187702,34.06617600012396,9545.5413389991,119.0,0.2815785977107344,0.0,1500,3100,4700,4700,9500,9500,9500,9500,9500,9500,9500
,Aggregated,16,0,1400.0,2613.011185187702,34.06617600012396,9545.5413389991,119.0,0.2815785977107344,0.0,1500,3100,4700,4700,9500,9500,9500,9500,9500,9500,9500
