Type,Name,Request Count,Failure Count,Median Response Time,Average Response Time,Min Response Time,Max Response Time,Average Content Size,Requests/s,Failures/s,50%,66%,75%,80%,90%,95%,98%,99%,99.9%,99.99%,100%
GET,perf_check,27,0,450.0,1212.2670901478866,32.179077999899164,6680.725786000039,118.81481481481481,0.4594909462666036,0.0,450,840,2200,2300,3600,4900,6700,6700,6700,6700,6700
,Aggregated,27,0,450.0,1212.2670901478866,32.179077999899164,6680.725786000039,118.81481481481481,0.4594909462666036,0.0,450,840,2200,2300,3600,4900,6700,6700,6700,6700,6700
