Type,Name,Request Count,Failure Count,Median Response Time,Average Response Time,Min Response Time,Max Response Time,Average Content Size,Requests/s,Failures/s,50%,66%,75%,80%,90%,95%,98%,99%,99.9%,99.99%,100%
GET,perf_check,23,0,41,1163.012523608655,36.24263699975927,6200.733519000096,118.82608695652173,0.4715701871903901,0.0,41,72,2800,2900,2900,5600,6200,6200,6200,6200,6200
,Aggregated,23,0,41,1163.012523608655,36.24263699975927,6200.733519000096,118.82608695652173,0.4715701871903901,0.0,41,72,2800,2900,2900,5600,6200,6200,6200,6200,6200
