Type,Name,Request Count,Failure Count,Median Response Time,Average Response Time,Min Response Time,Max Response Time,Average Content Size,Requests/s,Failures/s,50%,66%,75%,80%,90%,95%,98%,99%,99.9%,99.99%,100%
GET,perf_check,15,0,43,2820.4437356666554,35.80472999965423,22526.487223000004,118.93333333333334,0.2663332917317385,0.0,43,660,3200,5600,9000,23000,23000,23000,23000,23000,23000
,Aggregated,15,0,43,2820.4437356666554,35.80472999965423,22526.487223000004,118.93333333333334,0.2663332917317385,0.0,43,660,3200,5600,9000,23000,23000,23000,23000,23000,23000
