Type,Name,Request Count,Failure Count,Median Response Time,Average Response Time,Min Response Time,Max Response Time,Average Content Size,Requests/s,Failures/s,50%,66%,75%,80%,90%,95%,98%,99%,99.9%,99.99%,100%
GET,perf_check,18,0,39,41.43130355542881,36.585804002243094,62.85008000122616,119.83333333333333,1.0132580328116285,0.0,39,40,41,42,58,63,63,63,63,63,63
,Aggregated,18,0,39,41.43130355542881,36.585804002243094,62.85008000122616,119.83333333333333,1.0132580328116285,0.0,39,40,41,42,58,63,63,63,63,63,63
