Type,Name,Request Count,Failure Count,Median Response Time,Average Response Time,Min Response Time,Max Response Time,Average Content Size,Requests/s,Failures/s,50%,66%,75%,80%,90%,95%,98%,99%,99.9%,99.99%,100%
GET,perf_check,28,0,38,40.170493928534206,35.78301299967279,68.78794399926846,118.82142857142857,0.994609997834717,0.0,38,39,40,41,48,54,69,69,69,69,69
,Aggregated,28,0,38,40.170493928534206,35.78301299967279,68.78794399926846,118.82142857142857,0.994609997834717,0.0,38,39,40,41,48,54,69,69,69,69,69
