Type,Name,Request Count,Failure Count,Median Response Time,Average Response Time,Min Response Time,Max Response Time,Average Content Size,Requests/s,Failures/s,50%,66%,75%,80%,90%,95%,98%,99%,99.9%,99.99%,100%
GET,perf_check,28,0,35,37.2704267141931,30.349295999258175,67.64371899953403,118.89285714285714,0.9975241734625819,0.0,36,36,38,38,43,60,68,68,68,68,68
,Aggregated,28,0,35,37.2704267141931,30.349295999258175,67.64371899953403,118.89285714285714,0.9975241734625819,0.0,36,36,38,38,43,60,68,68,68,68,68
